"","exposure","outcome","nsnp","b","se","pval","Q","Q_pval"
"1","cg08876103","FEV1",2,-0.0409245776697099,0.00868523420516926,2.45331471542108e-06,0.0862771145517332,0.768964486328793
"2","cg07134632","FEV1",3,0.0167574327469005,0.0435074234538758,0.700116943693616,23.3397491350938,8.54747562159086e-06
"3","cg14914442","FEV1",4,-0.0275502827728216,0.0203847064318959,0.176529791761825,12.9223663435401,0.00480753617372394
"4","cg24477401","FEV1",2,0.142925822438862,0.102487023390558,0.163144091906386,65.6462395050132,5.39578322378066e-16
"5","cg20912205","FEV1",2,0.0399680738937905,0.0603285343490855,0.50764637578224,34.991936612556,3.31073499649199e-09
"6","cg20811755","FEV1",2,0.0297636798285087,0.00631467045737692,2.43596075049291e-06,1.00437121548659,0.316255108375718
"7","cg27093918","FEV1",3,0.0381635699911703,0.0198277594203535,0.0542600735303627,24.717080172423,4.2929342425205e-06
"8","cg17724175","FEV1",3,0.0218637106655101,0.0197166277110174,0.267474588707504,37.8536016220821,6.02829987116912e-09
"9","cg17849569","FEV1",6,-0.0395462148607416,0.0252991574887815,0.118018834082243,239.039722288631,1.23352155541635e-49
"10","cg19750657","FEV1/FVC",2,0.0863796140707498,0.0796398169486327,0.278086233266982,28.3343600760557,1.02068106660109e-07
"11","cg02508743","FEV1/FVC",3,0.0113195597652589,0.022049896348588,0.607698728334568,33.5957241072049,5.06735350578995e-08
"12","cg13059136","FVC",3,0.0187268854873083,0.00525104146483482,0.000362031559817051,2.52443592307015,0.283025589961384
"13","cg13693517","FVC",2,-0.0162314203562331,0.0523226723596049,0.75639539280118,23.1295283973643,1.51446998326856e-06
